repo_name,num_commits,last_commit
Microbial-Loadings-Calculator,1,2014-05-09
drupal-theme-oneepa,11,2014-12-13
Chemical-Inventory-Tracking-Project,111,2015-06-18
ECHO-REST-Services,1,2015-07-14
HealthPlugin,12,2016-07-23
Private_Web_AppBuilder,29,2016-09-08
Phytoplankton-Data-Analysis,195,2016-09-30
Storm-Water-Plugin,365,2017-01-03
cyano_open_sci_aag,19,2017-03-25
Region-8-Intranet,11,2018-01-09
R9-Admin,187,2018-06-15
R9-Recycle-City,125,2018-06-26
ORD_TEST,12,2018-09-24
ECHO-SeleniumVBA,83,2019-01-07
R9-DMT,549,2019-03-07
ParisIII,75,2019-04-16
vivo,336,2019-04-20
ORD-workphase2,926,2019-04-26
D4EM,114,2019-05-09
EPA-Cyano,467,2019-05-16
QA-TRACK,1739,2019-05-23
ECHO-SoapUI,122,2019-06-12
curator,237,2019-06-14
R9-Intranet,149,2019-07-12
greenscope,530,2019-07-23
GA-API,568,2019-07-23
R9-NAUM,281,2019-07-25
CMAQ_Dev,5461,2019-07-26
SMM-Tool,540,2019-07-29
cyano_space_time,232,2019-07-30
E4S,525,2019-07-30
drupal-webcms,6700,2019-07-30
R9-Geo-Library,855,2019-07-31
